Title,Author
8 Rules of Love,Jay Shetty
The Book You Wish Your Parents Had Read (and Your Children Will Be Glad That You Did),Philippa Perry
"Harry Potter and the Prisoner of Azkaban, Book 3",J.K. Rowling
The Graveyard Book,Neil Gaiman
Ramble Book,Adam Buxton
The Last Devil To Die,Richard Osman
The Book Thief,Markus Zusak
Book Lovers,Emily Henry
"Harry Potter and the Goblet of Fire, Book 4",J.K. Rowling
Orbs of Wisdom,Lindsay Buroker
A Book of Five Rings,Miyamoto Musashi
Percy Jackson and the Titan's Curse,Rick Riordan
A Quiet Life in the Country,T E Kinsey
The Little Book of Big Change,Amy Johnson PhD
The Book of Five Rings,"Miyamoto Musashi,William Scott Wilson - translator"
Still Standing,Stephen Leather
The Climate Book,Greta Thunberg
The Book of Joy,"Dalai Lama,Desmond Tutu"
Love Will Tear Us Apart,C. K. McDonnell
The Cuckoo's Calling,Robert Galbraith
Title,Author
8 Rules of Love,Jay Shetty
The Book You Wish Your Parents Had Read (and Your Children Will Be Glad That You Did),Philippa Perry
"Harry Potter and the Prisoner of Azkaban, Book 3",J.K. Rowling
The Graveyard Book,Neil Gaiman
Ramble Book,Adam Buxton
The Last Devil To Die,Richard Osman
The Book Thief,Markus Zusak
Book Lovers,Emily Henry
"Harry Potter and the Goblet of Fire, Book 4",J.K. Rowling
Orbs of Wisdom,Lindsay Buroker
A Book of Five Rings,Miyamoto Musashi
Percy Jackson and the Titan's Curse,Rick Riordan
A Quiet Life in the Country,T E Kinsey
The Little Book of Big Change,Amy Johnson PhD
The Book of Five Rings,"Miyamoto Musashi,William Scott Wilson - translator"
Still Standing,Stephen Leather
The Climate Book,Greta Thunberg
The Book of Joy,"Dalai Lama,Desmond Tutu"
Love Will Tear Us Apart,C. K. McDonnell
The Cuckoo's Calling,Robert Galbraith
Title,Author
8 Rules of Love,Jay Shetty
The Book You Wish Your Parents Had Read (and Your Children Will Be Glad That You Did),Philippa Perry
"Harry Potter and the Prisoner of Azkaban, Book 3",J.K. Rowling
The Graveyard Book,Neil Gaiman
Ramble Book,Adam Buxton
The Last Devil To Die,Richard Osman
The Book Thief,Markus Zusak
Book Lovers,Emily Henry
"Harry Potter and the Goblet of Fire, Book 4",J.K. Rowling
Orbs of Wisdom,Lindsay Buroker
A Book of Five Rings,Miyamoto Musashi
Percy Jackson and the Titan's Curse,Rick Riordan
A Quiet Life in the Country,T E Kinsey
The Little Book of Big Change,Amy Johnson PhD
The Book of Five Rings,"Miyamoto Musashi,William Scott Wilson - translator"
Still Standing,Stephen Leather
The Climate Book,Greta Thunberg
The Book of Joy,"Dalai Lama,Desmond Tutu"
Love Will Tear Us Apart,C. K. McDonnell
The Cuckoo's Calling,Robert Galbraith
Title,Author
The End and the Death: Volume 1,Dan Abnett
One for the Ages,JD Kirk
Your Child Is Not Broken,Heidi Mavir
East of Eden,"John Steinbeck,David Wyatt - introduction"
Dead Real,Helen H. Durrant
Liar's Poker,Michael Lewis
Wild Fell,Lee Schofield
The Path of Ascension 2,C. Mantis
What's Our Problem?,Tim Urban
Graves on the Fens,Joy Ellis
The Portsmouth Murders,Pauline Rowson
A Change of Heart for the Cornish Midwife,Jo Bartlett
Pandemic Diaries,"Isabel Oakeshott - contributor,Matt Hancock"
The Sceptic,Lily Morton
A Brief History of Seven Killings,Marlon James
Stain,Neven Iliev
The Suspect,Kathryn Croft
In a Jam,Kate Canterbary
In the Frame,"Matthew Costello,Neil Richards"
I'm Sorry I Haven't a Clue Treasury,BBC Radio Comedy
Unleashed,Joshua Dalzelle
Strange Sally Diamond,Liz Nugent
Two Weeks Notice,Amy Porterfield
"Portal to Nova Roma: The Rhine, Book 3",J.R. Mathews
Building Microservices,Sam Newman
Angron: The Red Angel,David Guymer
In at the Kill,Gerald Seymour
The Obstacle Is the Way,Ryan Holiday
Three Widows,Patricia Gibney
The Housemaid's Secret,Freida McFadden
Dead Sorry,Helen H. Durrant
The Iron Kingdom,Nick Kyme
The Last Devil To Die,Richard Osman
Murder Through the Mirror,L.B. Hathaway
8 Rules of Love,Jay Shetty
Frame: On Self Actualization for the Modern Man,Rian Stone
Bad Mormon,Heather Gay
It's OK to Be Angry About Capitalism,Bernie Sanders
How to Talk to Anyone,Lucas Bailey
Death by a Cornish Cove,Fliss Chester
The Earth Transformed,Peter Frankopan
A Billion Years,Mike Rinder
Being Geoffrey Boycott,"Jon Hotten,Geoffrey Boycott"
The Fortifier,D.K. Landtroop
Healing Hearts at Bumblebee Barn,Jessica Redland
The Bonnie Dead,Andrew Raymond
Barefoot Britain,Anna McNuff
Never Finished,David Goggins
Forest of Foes,Matthew Harffy
Young Forever,Mark Hyman
Foul Play,Helena Marchmont
The Royal Show,Anton Du Beke
The Magpie Key,Sarah Painter
Someone Else’s Shoes,Jojo Moyes
Strong Female Character,Fern Brady
The Creative Act,Rick Rubin
The Last to Disappear,Jo Spain
Macbeth,William Shakespeare
The White Pill,Michael Malice
The Three-Body Problem,"Cixin Liu,Ken Liu"
A Long Time Coming,Meghan Quinn
Don't Wake Up,Liz Lawler
The Woman Inside,Anna-Lou Weatherley
Death and the Conjuror,Tom Mead
Magitech Chronicles Omnibus,Chris Fox
Powerless,Elsie Silver
Things We Hide from the Light,Lucy Score
Rise of the Weakest Summoner: Volumes I-III Omnibus,J. R. Saileri
Light on Life,B. K. S. Iyengar
Queen K,Sarah Thomas
Throttled,Lauren Asher
I Found You,Lisa Jewell
The Satsuma Complex,Bob Mortimer
Geneva,Richard Armitage
Sky Realms Online: The Complete Series,Troy Osgood
"Politics, Poverty and Belief",The Rt Hon Frank Field
Burner,Mark Greaney
The Empire,Ivan Kal
The Case Against the Sexual Revolution,Louise Perry
Damascus Station,David McCloskey
Hungry Ghosts,Kevin Jared Hosein
The Shadows of London,Andrew Taylor
The Dragon Mage Series: Books 1-3,Scott Baron
The Mountain Shadow,Gregory David Roberts
Sherlock Holmes: The Definitive Collection,"Stephen Fry - introductions,Arthur Conan Doyle"
Get Your Money Right,Emmanuel Asuquo
It Ends with Us,Colleen Hoover
Manifest,Roxie Nafousi
"Love, Pamela",Pamela Anderson
Sort Your Head Out,Sam Delaney
Reclusive Mage,Inadvisably Compelled
Spare,Prince Harry The Duke of Sussex
23rd Midnight,James Patterson
The Engagement,Samantha Hayes
Haunted Liverpool 22,Tom Slemen
Prince of Lies,Lucy Lennox
The Night of the Party,Anna-Lou Weatherley
Dirty Laundry,"Richard Pink,Roxanne Emery"
Diana,Andrew Morton
UFO of God,Chris Bledsoe
Adult Children of Emotionally Immature Parents,Lindsay C. Gibson PsyD
Earthside,Dennis E. Taylor
"Reality, Art and Illusion",Alan Watts
The Lost Relic,Vaughn Heppner
Tragic Bonds,J Bree
From the Oasthouse: The Alan Partridge Podcast (Series 2),Alan Partridge
Demon Copperhead,Barbara Kingsolver
The Cloisters,Katy Hays
Skinwalkers at the Pentagon,"James T. Lacatski DEng,Colm A. Kelleher PhD,George Knapp,various"
The Last Orphan,Gregg Hurwitz
Time to Think,Hannah Barnes
The Emotional Lives of Teenagers,Lisa Damour
Lighter,Yung Pueblo
The Pathless Path,Paul Millerd
What We Owe the Future,William MacAskill
The Steal Like an Artist Audio Trilogy,Austin Kleon
Faithful Unto Death,Caroline Graham
The Big Con,"Mariana Mazzucato,Rosie Collington"
T.V.,Peter Kay
Athens,Bruce Clark
Conduit Crisis,Louisa Masters
When Night falls,Helena Marchmont
The Crisis of Democratic Capitalism,Martin Wolf
Awe,Professor Dacher Keltner
Burning Truth,Alex Scarrow
The New Guy,Sarina Bowen
A Game of Malice and Greed,"Caroline Peckham,Susanne Valenti"
The Cabinet of Dr. Leng,"Douglas Preston,Lincoln Child"
How to Live When You Could Be Dead,Deborah James
The Auction,Maggie Cole
How to Sell a Haunted House,Grady Hendrix
The Light We Carry,Michelle Obama
Dee T. Mitchell Investigates,Nigel Baldwin
Love Will Tear Us Apart,C. K. McDonnell
Unprocessed,Kimberley Wilson
Chip War,Chris Miller
Life and Love at Mulberry Lane,Rosie Clarke
Garth Marenghi’s TerrorTome,Garth Marenghi
The Good Drinker,Adrian Chiles
The Only Suspect,Louise Candlish
My Father's House,Joseph O'Connor
Charlie and the Chocolate Factory,Roald Dahl
The Screaming Staircase,Jonathan Stroud
The Turning of Our Bones,Ed James
Delilah Green Doesn't Care,Ashley Herring Blake
Fast Like a Girl,Dr. Mindy Pelz
Hitchhiker's Guide to the Galaxy,Douglas Adams
A Little Life,Hanya Yanagihara
The Cuckoo's Calling,Robert Galbraith
A Dance with Dragons,George R.R. Martin
You Had Me at Hello,Mhairi McFarlane
Way of the Wolf,Jordan Belfort
I Can Make You Thin,Paul McKenna
The Pillars of the Earth,Ken Follett
Legends & Lattes,Travis Baldree
The Doctor's Wife,Daniel Hurst
Victory City,Salman Rushdie
The Last Tale of the Flower Bride,Roshani Chokshi
Food for Life,Tim Spector
The Dick Francis BBC Radio Drama Collection,Dick Francis
A Winter Grave,Peter May
The Hand of the Sun King,J.T. Greathouse
Time of Contempt,"Andrzej Sapkowski,David French - Translator"
Slow Horses,Mick Herron
The Compound Effect,Darren Hardy LLC
Good Inside,Dr Becky Kennedy
The Island of Sheep,John Buchan
As a Man Thinketh,James Allen
The Millionaire Fastlane: Crack the Code to Wealth and Live Rich for a Lifetime,MJ DeMarco
Emotional Intelligence,Daniel Goleman
How to Stop Worrying and Start Living,Dale Carnegie
The Snowstorm,Tríona Walsh
Fatal Proof,John Fairfax
The Tower of the Swallow,"Andrzej Sapkowski,David French - Translator"
La Belle Sauvage,Philip Pullman
Artemis,Andy Weir
Abaddon's Gate,James S. A. Corey
Iron Gold,Pierce Brown
The Origins of You,Vienna Pharaon
The Mother,T.M. Logan
The State of Us,Jon Snow
My Husband's Killer,Laura Marshall
Hags,Victoria Smith
"Love, Pain and Money",John Caudwell
Mogworld,Yahtzee Croshaw
Unleashing the Mind,Sadhguru
Inner Talk for Peace of Mind,Susan Jeffers PhD
A Snake's Rule,Kenneth Arant
Archer's Voice,Mia Sheridan
The World According to Kaleb,Kaleb Cooper
A Court of Frost and Starlight (Dramatized Adaptation),Sarah J. Maas
Good for a Girl,Lauren Fleshman
Finding Me,Viola Davis
A Feast for Crows,George R.R. Martin
"Come, Lord Jesus",John Piper
Twisted Hate,Ana Huang
The Race Against Time,Richard Askwith
The House of Fortune,Jessie Burton
I'm Glad My Mom Died,Jennette McCurdy
Buzzin',Bez
We All Want Impossible Things,Catherine Newman
Money: Master the Game,Tony Robbins
Abyss,Max Hastings
Critical Role,Madeleine Roux
The Shards,Bret Easton Ellis
Overreach,Owen Matthews
The Lighterman: The Kray Twins Are Out for Revenge...,Simon Michael
The Cliff House,Chris Brookmyre
The Drift,C. J. Tudor
Shadow's Seventh Step,A. F. Kay
The Magic,Rhonda Byrne
Villa of Secrets,Patricia Wilson
The Dinner Lady Detectives,Hannah Hendy
Lunatic,Onley James
Elvis and Me,Priscilla Beaulieu Presley
Every Shot Counts,Mark Broadie
The Sandman: Act III,"Neil Gaiman,Dirk Maggs"
The Whispering Muse,Laura Purcell
Murder at St Saviour’s,Merryn Allingham
Outliers,Malcolm Gladwell
The Cavendon Women,Barbara Taylor Bradford
To Kill a Mockingbird,Harper Lee
Extreme Ownership,"Jocko Willink,Leif Babin"
The Vanishing of Margaret Small,Neil Alexander
Born a Crime,Trevor Noah
Platonic,Marisa G. Franco PhD
The Lake Vyrnwy Killings,Simon McCleave
"Really Good, Actually",Monica Heisey
The Last Remains,Elly Griffiths
Dead of Night,Simon Scarrow
Win Every Argument,Mehdi Hasan
"Thinking, Fast and Slow",Daniel Kahneman
Transactional Analysis in Psychotherapy,Eric Berne
The Four Foundations of Golf,Jon Sherman
Babel,R.F. Kuang
Hope to Die,David Jackson
Twisted Games,Ana Huang
War Horse,Michael Morpurgo
The Lady of the Loch,Elena Collins
Revenge,Tom Bower
Murder at St Saviour’s,Merryn Allingham
How to Save the West,Spencer Klavan
Outliers,Malcolm Gladwell
The Cavendon Women,Barbara Taylor Bradford
To Kill a Mockingbird,Harper Lee
The Vanishing of Margaret Small,Neil Alexander
Extreme Ownership,"Jocko Willink,Leif Babin"
Born a Crime,Trevor Noah
For We Are Many,Dennis E. Taylor
"Really Good, Actually",Monica Heisey
Twisted Hate,Ana Huang
The Last Remains,Elly Griffiths
The Lake Vyrnwy Killings,Simon McCleave
Win Every Argument,Mehdi Hasan
"Thinking, Fast and Slow",Daniel Kahneman
The Four Foundations of Golf,Jon Sherman
Babel,R.F. Kuang
Dead of Night,Simon Scarrow
Twisted Games,Ana Huang
War Horse,Michael Morpurgo
Oath of Loyalty,"Vince Flynn,Kyle Mills"
Inside F1,Lee McKenzie
Fateless: Book One,Martin McKenzie
Lost Realms,Thomas Williams
Expanse,Nicoli Gonnella
Desert Star,Michael Connelly
First into Action,Duncan Falconer
The Score,Elle Kennedy
Keep Talking,David Dimbleby
"Verse, Chorus, Monster!",Graham Coxon
Toe the Line,Penelope Ward
Beyond the Wand,Tom Felton
Albert Smith's Culinary Capers: The first 10 Recipes - A Culinary Cozy Mystery Adventure,Steve Higgs
We Over Me,"Khadeen Ellis,Devale Ellis"
Mating in Captivity,Esther Perel
Leaders Eat Last,Simon Sinek
Emily Wilde's Encyclopaedia of Faeries,Heather Fawcett
The Tastemaker,Tony King
A Hacker's Mind,Bruce Schneier
Megathreats,Nouriel Roubini
Now She Is Witch,Kirsty Logan
Run Towards the Danger,Sarah Polley
The Rational Male - The Players Handbook,Rollo Tomassi
Chill and Prosper,Denise Duffield-Thomas
Getting Better,Michael Rosen
The Pyramid of Lies,Duncan Mavin
"I Am, I Am, I Am: Seventeen Brushes with Death",Maggie O'Farrell
The Creakers,Tom Fletcher
Buy Back Your Time,Dan Martell
Official Secrets,Andrew Raymond
The Things We Do to Our Friends,Heather Darwent
Questions for a Dead Man,Alex Gray
Slouching Towards Utopia,J. Bradford DeLong
Next to Nature,Ronald Blythe
Cinema Speculation,Quentin Tarantino
Principles for Navigating Big Debt Crises,Ray Dalio
Prometheus Rising,Robert Anton Wilson
The Fine Print,Lauren Asher
After I Do,Taylor Jenkins Reid
Shrines of Gaiety,Kate Atkinson
How to Be Love(d),Humble the Poet
Invasion,Luke Harding
Picking up the Pieces,Amanda Prowse
Firefly Lane,Kristin Hannah
Hidden Bodies,Caroline Kepnes
Amazing Grace Adams,Fran Littlewood
Sometimes People Die,Simon Stephenson
The Great Reset,Alex Jones
The Silk Roads,Peter Frankopan
Just Enjoy,Basar Yilmaz
Sex at Dawn,"Christopher Ryan,Cacilda Jetha"
Transmuting Suffering into Peace,Eckhart Tolle
Death and Fromage,Ian Moore
The Answer to Anxiety,Joyce Meyer
Endurance,Alfred Lansing
Mark of the Fool,J.M. Clarke
"Space Assassins Box Set: The Complete Series, Books 1-5",Scott Baron
Dark Rooms,Lynda La Plante
Twisted Lies,Ana Huang
A Book of Five Rings,Miyamoto Musashi
The Great Reset,Alex Jones
Shrines of Gaiety,Kate Atkinson
How to Be Love(d),Humble the Poet
Invasion,Luke Harding
Picking up the Pieces,Amanda Prowse
Firefly Lane,Kristin Hannah
Sometimes People Die,Simon Stephenson
The Silk Roads,Peter Frankopan
Just Enjoy,Basar Yilmaz
Sex at Dawn,"Christopher Ryan,Cacilda Jetha"
Transmuting Suffering into Peace,Eckhart Tolle
Mark of the Fool,J.M. Clarke
Dark Rooms,Lynda La Plante
Together Under a Snowy Skye,Lisa Hobman
Death and Fromage,Ian Moore
Endurance,Alfred Lansing
From Strength to Strength,Arthur C. Brooks
"Space Assassins Box Set: The Complete Series, Books 1-5",Scott Baron
Albert Smith's Culinary Capers: The first 10 Recipes - A Culinary Cozy Mystery Adventure,Steve Higgs
Angel of Death,J M Dalgliesh
Us,Terrence Real
Biergarten of the Damned,Seana Kelly
The Life-Changing Magic of Not Giving a F**k,Sarah Knight
The Health Fix,Dr Ayan Panja
Into the Wild,Jon Krakauer
With Nails,Richard E. Grant
The Seven Moons of Maali Almeida,Shehan Karunatilaka
How to Kill Men and Get Away With It,Katy Brent
The Ideal Team Player,Patrick M. Lencioni
I Don't Need Therapy,Toni Lodge
Bad Loon Rising,Andy Clark
The One,John Marrs
The Girl Who Takes an Eye for an Eye,"David Lagercrantz,George Goulding - translator"
The Girl Before,JP Delaney
"Over Sea, Under Stone",Susan Cooper
The Holy Bible in Audio - King James Version,King James Bible
I See You,Clare Mackintosh
Hero in the Shadows,David Gemmell
The Dead of Winter,Stuart MacBride
The Book of Five Rings,"Miyamoto Musashi,William Scott Wilson - translator"
Make Money Online,Lisa Johnson
Hope Street,Christopher Artinian
The Player of Games,Iain M. Banks
Autobiography of a Yogi,Paramahansa Yogananda
Blood and Iron,Katja Hoyer
How to Win Friends & Influence People,Dale Carnegie
Colonialism,Nigel Biggar
Closer to Love,Vex King
The Lost Notebook,Louise Douglas
Cocky,"Tony Barnes,Richard Elias,Peter Walsh"
Wallace's War,Griff Hosker
Unwanted,Cathy Glass
What You Want Wants You,Suzanne Eder
Where's My Mummy?,Maggie Hartley
Medical Medium Brain Saver,Anthony William
Russia's War on Everybody,Keir Giles
The Marriage Portrait,Maggie O'Farrell
Shallow Graves,Ray Fysh
A Movie Making Nerd,James Rolfe
Me vs Brain,Hayley Morris
Winter Night,Alex Callister
Reality Is Not What It Seems,Carlo Rovelli
An Echo of Things to Come,James Islington
The Stone Sky,N. K. Jemisin
How to Manage Your Home Without Losing Your Mind,Dana K. White
The Mammoth Hunters,Jean M. Auel
Debt - Updated and Expanded,David Graeber
"Together, Again",Milly Johnson
McLevy: The Collected Series 7-12,David Ashton
Consider Me,Becka Mack
Bloodmarked,Tracy Deonn
The Mega-Complicated Crushes of Lottie Brooks,Katie Kirby
Icebreaker,Hannah Grace
The Good Life,"Robert Waldinger,Marc Schulz"
Homegoing,Yaa Gyasi
"Harry Potter and the Chamber of Secrets, Book 2",J.K. Rowling
Murder Most Royal,SJ Bennett
Wonder,R. J. Palacio
Exiles,Jane Harper
The Easy Way to Control Alcohol,Allen Carr
Cornerstones,Benedict Macdonald
Red Devils,Mark Urban
Astrid Parker Doesn't Fail,Ashley Herring Blake
The Trees,Percival Everett
Weyward,Emilia Hart
Killer in the Kremlin,John Sweeney
Remarkably Bright Creatures,Shelby Van Pelt
Just One Thing,Dr Michael Mosley
Beloved,Toni Morrison
The Choice,Edith Eger
The Master and Margarita,Mikhail Bulgakov
The Simple Path to Wealth,JL Collins
No Sweet Sorrow,Denzil Meyrick
Super-Infinite,Katherine Rundell
Joyrider,Angela Scanlon
The Romantic,William Boyd
Best Loser Wins,Tom Hougaard
The Dissolution of the Monasteries,James G. Clark
The Mountain Is You,Brianna Wiest
Berlin,Antony Beevor
Winter Garden,Kristin Hannah
The Law of Attraction,"Esther Hicks,Jerry Hicks"
Excession,Iain M. Banks
You Are Not Alone,Cariad Lloyd
The Enigma of Garlic,Alexander McCall Smith
Best Served Cold,Joe Abercrombie
Origin,Dan Brown
Rich Dad's Cashflow Quadrant,Robert T. Kiyosaki
Angels and Demons,Dan Brown
Godmersham Park,Gill Hornby
The Elfor One,R. R. Haywood
Postmortem,Patricia Cornwell
Down and Out in Paris and London,George Orwell
Mossflower,Brian Jacques
Surrender,Bono
Winter's Gifts,Ben Aaronovitch
What Does This Button Do?,Bruce Dickinson
"Clockwork, Revised and Expanded","Mike Michalowicz,Gino Wickman - foreword"
The Story of Art Without Men,Katy Hessel
I'm Sorry You Feel That Way,Rebecca Wait
Angels and Demons,Dan Brown
Rich Dad's Cashflow Quadrant,Robert T. Kiyosaki
The Health Fix,Dr Ayan Panja
The Silkworm,Robert Galbraith
The Elfor One,R. R. Haywood
Postmortem,Patricia Cornwell
Down and Out in Paris and London,George Orwell
The Player of Games,Iain M. Banks
Siege and Storm,Leigh Bardugo
Mossflower,Brian Jacques
Surrender,Bono
Winter's Gifts,Ben Aaronovitch
What Does This Button Do?,Bruce Dickinson
"Clockwork, Revised and Expanded","Mike Michalowicz,Gino Wickman - foreword"
The McCartney Legacy,"Allan Kozinn,Adrian Sinclair"
The Making of You,Binky Felstead
What Lies Beneath,Peter Faulding
Bournville,Jonathan Coe
The Good Life,"Robert Waldinger,Marc Schulz"
The Complete Guide to Memory,Richard Restak
The Power of Habit,Charles Duhigg
Hyperion,Dan Simmons
Solve for Happy,Mo Gawdat
Behind Closed Doors,B. A. Paris
The Total Money Makeover,Dave Ramsey
The Da Vinci Code,Dan Brown
Heart of Darkness: A Signature Performance by Kenneth Branagh,Joseph Conrad
Stalingrad,Antony Beevor
Nonviolent Communication,Marshall Rosenberg PhD
Building a StoryBrand,Donald Miller
Rooted,Sarah Langford
One Hundred Years of Solitude,"Gabriel García Márquez,Gregory Rabassa - translator"
The Girl with All the Gifts,M. R. Carey
Scythe,Neal Shusterman
Little Fires Everywhere,Celeste Ng
Minecraft: The Island (Narrated by Jack Black),Max Brooks
Prince of the Blood,Raymond E. Feist
Grave Peril,Jim Butcher
The Obelisk Gate,N. K. Jemisin
Dark Matter,Blake Crouch
How to Stop Time,Matt Haig
American Psycho,Bret Easton Ellis
The Daily Stoic,"Ryan Holiday,Stephen Hanselman"
Traction,Gino Wickman
Of Boys and Men,Richard V. Reeves
"Plato, Socrates, and the Dialogues","Michael Sugrue,The Great Courses"
Trespasses,Louise Kennedy
Career of Evil,Robert Galbraith
The Climate Book,Greta Thunberg
"Faith, Hope and Carnage","Nick Cave,Seán O'Hagan"
Hell Bent,Leigh Bardugo
A Darkness More Than Night,Michael Connelly
Frost,C.N. Crawford
The Clot Thickens,Dr Malcolm Kendrick
Foundation Spanish (Michel Thomas Method) - Lesson 1 of 8,Michel Thomas
What Just Happened?!,Marina Hyde
Silent Scream,Lynda La Plante
Eragon,Christopher Paolini
The Ravenglass Chronicles: Complete Omnibus,Jon Cronshaw
Wedding Bells at Butterfly Cove,Sarah Bennett
How to Stop Time,Matt Haig
American Psycho,Bret Easton Ellis
The Daily Stoic,"Ryan Holiday,Stephen Hanselman"
Traction,Gino Wickman
Of Boys and Men,Richard V. Reeves
"Plato, Socrates, and the Dialogues","Michael Sugrue,The Great Courses"
Trespasses,Louise Kennedy
Career of Evil,Robert Galbraith
The Climate Book,Greta Thunberg
"Faith, Hope and Carnage","Nick Cave,Seán O'Hagan"
Hell Bent,Leigh Bardugo
A Darkness More Than Night,Michael Connelly
Frost,C.N. Crawford
The Clot Thickens,Dr Malcolm Kendrick
Foundation Spanish (Michel Thomas Method) - Lesson 1 of 8,Michel Thomas
What Just Happened?!,Marina Hyde
Silent Scream,Lynda La Plante
Eragon,Christopher Paolini
The Ravenglass Chronicles: Complete Omnibus,Jon Cronshaw
Wedding Bells at Butterfly Cove,Sarah Bennett
